run_id,n_classes,class_size_cap,n_students,n_teachers,teacher_time_budget,alpha,forgetting,n_days,seed,teacher_skill_mean,teacher_skill_sd,inc_c0,inc_c_class,inc_c_B,base_loss,max_loss,agency_amp_min,agency_amp_max,beta_success,gamma_failure,success_eps,n_days,K_mean_start,A_mean_start,K_mean_end,K_p10_end,K_p50_end,K_p90_end,A_mean_end,A_p10_end,A_p50_end,A_p90_end,K_mean_gain,A_mean_gain,incidents_avg_per_day,incidents_total,time_lost_avg,time_lost_max
1,10,12,120,10,30.0,0.05,0.002,90,12004,0.8,0.1,-2.7,0.05,1.0,0.04,0.8,0.5,1.0,0.01,0.006,1e-06,90,0.4448041125269941,0.34611263175725016,0.9664421858253301,0.9590822369208474,0.9674931838060719,0.9725509049344319,0.34611263175725016,0.12093580292666778,0.3436693465320805,0.5627391808763209,0.5216380732983361,0.0,19.31111111111111,1738,0.07724444444444445,0.128
2,10,12,120,10,30.0,0.05,0.002,90,12005,0.8,0.1,-2.7,0.05,1.0,0.04,0.8,0.5,1.0,0.01,0.006,1e-06,90,0.40035235152920784,0.3318010115790447,0.9670498846676404,0.9593313897093135,0.9676341058627533,0.9734447545945688,0.3318010115790447,0.10569432861048515,0.315687163968682,0.585562099467808,0.5666975331384325,0.0,19.011111111111113,1711,0.07604444444444444,0.116
3,10,12,120,10,30.0,0.05,0.002,90,12006,0.8,0.1,-2.7,0.05,1.0,0.04,0.8,0.5,1.0,0.01,0.006,1e-06,90,0.42045911359775034,0.3302590699829412,0.9659935136438716,0.9591926366317765,0.966304838611066,0.9722862267208201,0.3302590699829412,0.13677076704036675,0.3247104575505464,0.5505114791936726,0.5455344000461213,0.0,18.477777777777778,1663,0.07391111111111111,0.10800000000000001
4,10,12,120,10,30.0,0.05,0.002,90,12007,0.8,0.1,-2.7,0.05,1.0,0.04,0.8,0.5,1.0,0.01,0.006,1e-06,90,0.4537010868554611,0.326311534204745,0.9669835410942923,0.9597950118171317,0.9678729616384822,0.9731554384292781,0.326311534204745,0.10456574706322713,0.31169090556906504,0.5412275454646479,0.5132824542388312,0.0,18.677777777777777,1681,0.07471111111111112,0.12800000000000003
5,10,12,120,10,30.0,0.05,0.002,90,12008,0.8,0.1,-2.7,0.05,1.0,0.04,0.8,0.5,1.0,0.01,0.006,1e-06,90,0.43897946422788403,0.35903322700106377,0.9669522016800777,0.9593046575460675,0.9676430076051441,0.9734237659654623,0.35903322700106377,0.13232881629123197,0.350942740184681,0.5982291773254652,0.5279727374521936,0.0,19.433333333333334,1749,0.07773333333333333,0.12000000000000001
6,10,12,120,10,30.0,0.05,0.002,90,12009,0.8,0.1,-2.7,0.05,1.0,0.04,0.8,0.5,1.0,0.01,0.006,1e-06,90,0.4477930506990203,0.36539390969833446,0.9664284960389729,0.9586956294915928,0.9673400451967891,0.9739359940550693,0.36539390969833446,0.11115676542449815,0.3684903921983169,0.6592896128566804,0.5186354453399525,0.0,19.322222222222223,1739,0.0772888888888889,0.132
7,10,12,120,10,30.0,0.05,0.002,90,12010,0.8,0.1,-2.7,0.05,1.0,0.04,0.8,0.5,1.0,0.01,0.006,1e-06,90,0.43354126017545896,0.3499458048142004,0.9640785527450316,0.9549701089208079,0.9647416456505535,0.9718321192159349,0.3499458048142004,0.09566503295834233,0.3271239337822838,0.5893731228542529,0.5305372925695726,0.0,19.866666666666667,1788,0.07946666666666667,0.136
8,10,12,120,10,30.0,0.05,0.002,90,12011,0.8,0.1,-2.7,0.05,1.0,0.04,0.8,0.5,1.0,0.01,0.006,1e-06,90,0.41631799957113685,0.33342351829285116,0.9654204615032678,0.9578010525139541,0.9665078954713431,0.972408768096799,0.33342351829285116,0.11770507742518121,0.3467631446908269,0.5588498289085191,0.549102461932131,0.0,19.433333333333334,1749,0.07773333333333333,0.11599999999999998
9,10,12,120,10,30.0,0.05,0.002,90,12012,0.8,0.1,-2.7,0.05,1.0,0.04,0.8,0.5,1.0,0.01,0.006,1e-06,90,0.4061456695872179,0.3212951696328416,0.9688334522118562,0.9625363861946817,0.969628658736694,0.9745872653951955,0.3212951696328416,0.11395637518293904,0.3079216300937173,0.5550286642308272,0.5626877826246384,0.0,18.92222222222222,1703,0.07568888888888889,0.128
10,10,12,120,10,30.0,0.05,0.002,90,12013,0.8,0.1,-2.7,0.05,1.0,0.04,0.8,0.5,1.0,0.01,0.006,1e-06,90,0.45333352688023043,0.3396846172644372,0.9679919453982359,0.9601406956564355,0.9683483361731964,0.9741502665031959,0.3396846172644372,0.11865090225281681,0.3068386871908737,0.5913155800684764,0.5146584185180054,0.0,18.466666666666665,1662,0.07386666666666668,0.12000000000000001
11,10,14,140,10,30.0,0.05,0.002,90,14004,0.8,0.1,-2.7,0.05,1.0,0.04,0.8,0.5,1.0,0.01,0.006,1e-06,90,0.4426651906192965,0.342272624757684,0.9568578264330801,0.9448806797774659,0.9576591455928967,0.9661343079821333,0.342272624757684,0.1219278556253969,0.3197333025382709,0.5920278695356532,0.5141926358137836,0.0,23.622222222222224,2126,0.0944888888888889,0.13599999999999998
12,10,14,140,10,30.0,0.05,0.002,90,14005,0.8,0.1,-2.7,0.05,1.0,0.04,0.8,0.5,1.0,0.01,0.006,1e-06,90,0.46209646005349153,0.345075265653878,0.958240789784596,0.9479567403513914,0.9594530145264571,0.9677972249941554,0.345075265653878,0.11556212467303345,0.3237385671023161,0.5671342773008924,0.4961443297311045,0.0,23.255555555555556,2093,0.09302222222222224,0.136
13,10,14,140,10,30.0,0.05,0.002,90,14006,0.8,0.1,-2.7,0.05,1.0,0.04,0.8,0.5,1.0,0.01,0.006,1e-06,90,0.40870582431223895,0.32412595627336405,0.9583652397680422,0.9485995173684185,0.9585183122264224,0.9680537784977273,0.32412595627336405,0.11663736360339405,0.2913499178804524,0.5980669586555862,0.5496594154558032,0.0,23.57777777777778,2122,0.09431111111111112,0.14800000000000002
14,10,14,140,10,30.0,0.05,0.002,90,14007,0.8,0.1,-2.7,0.05,1.0,0.04,0.8,0.5,1.0,0.01,0.006,1e-06,90,0.43336000849017425,0.3249647995728737,0.95376131758509,0.9387819509644428,0.9552173657562868,0.9650511815001749,0.3249647995728737,0.098022114021626,0.29105489973841325,0.6184734625367306,0.5204013090949158,0.0,23.177777777777777,2086,0.09271111111111112,0.14
15,10,14,140,10,30.0,0.05,0.002,90,14008,0.8,0.1,-2.7,0.05,1.0,0.04,0.8,0.5,1.0,0.01,0.006,1e-06,90,0.4188042191636277,0.3486142308230198,0.9583402963761196,0.9490675702797053,0.9595912563662977,0.9662148012238375,0.3486142308230198,0.1425741247807549,0.3462683210187902,0.5596523333701224,0.539536077212492,0.0,23.7,2133,0.09480000000000002,0.14000000000000004
16,10,14,140,10,30.0,0.05,0.002,90,14009,0.8,0.1,-2.7,0.05,1.0,0.04,0.8,0.5,1.0,0.01,0.006,1e-06,90,0.4261722193723673,0.3364083642536079,0.9549516859686983,0.9433397532710278,0.9560847778349647,0.9653319853005934,0.3364083642536079,0.11133717635085272,0.3200879783626708,0.5938416406393039,0.528779466596331,0.0,22.733333333333334,2046,0.09093333333333334,0.13999999999999999
17,10,14,140,10,30.0,0.05,0.002,90,14010,0.8,0.1,-2.7,0.05,1.0,0.04,0.8,0.5,1.0,0.01,0.006,1e-06,90,0.4049107918991213,0.3244428523601401,0.9532535574137853,0.9408382397476891,0.9552194042323577,0.9632232164705482,0.3244428523601401,0.09728097147399925,0.3087003482299638,0.5441235029737993,0.548342765514664,0.0,22.91111111111111,2062,0.09164444444444446,0.14400000000000002
18,10,14,140,10,30.0,0.05,0.002,90,14011,0.8,0.1,-2.7,0.05,1.0,0.04,0.8,0.5,1.0,0.01,0.006,1e-06,90,0.4549079090075791,0.32238666295854385,0.9569146804589755,0.9454338263664639,0.9575474276325263,0.9673406796147901,0.32238666295854385,0.08501779688095211,0.28757690419921966,0.5962529512353603,0.5020067714513965,0.0,23.955555555555556,2156,0.09582222222222223,0.14
19,10,14,140,10,30.0,0.05,0.002,90,14012,0.8,0.1,-2.7,0.05,1.0,0.04,0.8,0.5,1.0,0.01,0.006,1e-06,90,0.40171810502021466,0.34056371723126255,0.9573076126110673,0.9472619685891931,0.9580263636685842,0.9678535293025824,0.34056371723126255,0.10342518287159527,0.3313361272985543,0.6224732528221234,0.5555895075908527,0.0,24.155555555555555,2174,0.09662222222222223,0.13599999999999998
20,10,14,140,10,30.0,0.05,0.002,90,14013,0.8,0.1,-2.7,0.05,1.0,0.04,0.8,0.5,1.0,0.01,0.006,1e-06,90,0.38268215882084605,0.3263217267142307,0.9558258185553332,0.942522047663471,0.9567094841635079,0.9667603412427336,0.3263217267142307,0.0885953332412522,0.310663398726203,0.6040279673431103,0.5731436597344872,0.0,23.466666666666665,2112,0.09386666666666667,0.14800000000000002
21,10,16,160,10,30.0,0.05,0.002,90,16004,0.8,0.1,-2.7,0.05,1.0,0.04,0.8,0.5,1.0,0.01,0.006,1e-06,90,0.4514826927860177,0.3332539025145988,0.9510414692037636,0.9392236981295522,0.9528290931906931,0.9629004106060899,0.3332539025145988,0.09800744245767708,0.3242622300507408,0.5995543168168889,0.49955877641774593,0.0,30.144444444444446,2713,0.12057777777777778,0.17200000000000001
22,10,16,160,10,30.0,0.05,0.002,90,16005,0.8,0.1,-2.7,0.05,1.0,0.04,0.8,0.5,1.0,0.01,0.006,1e-06,90,0.41927431718066704,0.30033499685803206,0.9449381934555785,0.9287028830675127,0.9461811412193266,0.9593072257318603,0.30033499685803206,0.08387517334805038,0.27743667863199284,0.5551623270019467,0.5256638762749115,0.0,29.988888888888887,2699,0.11995555555555557,0.16799999999999998
23,10,16,160,10,30.0,0.05,0.002,90,16006,0.8,0.1,-2.7,0.05,1.0,0.04,0.8,0.5,1.0,0.01,0.006,1e-06,90,0.43113926497228416,0.34136427744773856,0.9499264209161786,0.9377983344615357,0.950650642001771,0.9602589953184133,0.34136427744773856,0.13945646186008326,0.32243972838941765,0.5601652635765881,0.5187871559438945,0.0,28.566666666666666,2571,0.11426666666666667,0.14800000000000002
24,10,16,160,10,30.0,0.05,0.002,90,16007,0.8,0.1,-2.7,0.05,1.0,0.04,0.8,0.5,1.0,0.01,0.006,1e-06,90,0.42751168372970144,0.32953567604731554,0.9457955609758617,0.9303117763020601,0.9471278353943107,0.9605250587260606,0.32953567604731554,0.09656035346322563,0.29819551056405275,0.6283849343098766,0.5182838772461602,0.0,29.533333333333335,2658,0.11813333333333335,0.156
25,10,16,160,10,30.0,0.05,0.002,90,16008,0.8,0.1,-2.7,0.05,1.0,0.04,0.8,0.5,1.0,0.01,0.006,1e-06,90,0.42892921626910285,0.3220692453009221,0.9456483671493064,0.929483010241342,0.9469383721713199,0.9588187198033289,0.3220692453009221,0.11542155023173709,0.2977749051103254,0.5701529780622875,0.5167191508802036,0.0,31.166666666666668,2805,0.12466666666666668,0.192
26,10,16,160,10,30.0,0.05,0.002,90,16009,0.8,0.1,-2.7,0.05,1.0,0.04,0.8,0.5,1.0,0.01,0.006,1e-06,90,0.422507085603803,0.32580123880033796,0.947212284169089,0.932082951419681,0.9487323107157681,0.9585264177642974,0.32580123880033796,0.10501248705206714,0.3334347730325874,0.5380945941099171,0.524705198565286,0.0,28.944444444444443,2605,0.11577777777777777,0.16399999999999998
27,10,16,160,10,30.0,0.05,0.002,90,16010,0.8,0.1,-2.7,0.05,1.0,0.04,0.8,0.5,1.0,0.01,0.006,1e-06,90,0.4085306893602102,0.30054437046463917,0.9466513973750791,0.9320710739174217,0.9481343979844945,0.9600860387677391,0.30054437046463917,0.08471366558798256,0.27798143425334326,0.5734156999962079,0.5381207080148689,0.0,30.166666666666668,2715,0.12066666666666669,0.176
28,10,16,160,10,30.0,0.05,0.002,90,16011,0.8,0.1,-2.7,0.05,1.0,0.04,0.8,0.5,1.0,0.01,0.006,1e-06,90,0.41713811566651915,0.3318481463162798,0.9480077667142626,0.9344355521944238,0.9502515009355599,0.960177451723323,0.3318481463162798,0.1370515134561107,0.3188891332443039,0.540713423550409,0.5308696510477434,0.0,29.5,2655,0.11800000000000001,0.16799999999999998
29,10,16,160,10,30.0,0.05,0.002,90,16012,0.8,0.1,-2.7,0.05,1.0,0.04,0.8,0.5,1.0,0.01,0.006,1e-06,90,0.43907185172523516,0.3516446973027084,0.9479845183626916,0.9331201686445612,0.9496857063852115,0.959759289892559,0.3516446973027084,0.10600208022073086,0.32769152373698485,0.6019599599306162,0.5089126666374564,0.0,29.355555555555554,2642,0.11742222222222222,0.2
30,10,16,160,10,30.0,0.05,0.002,90,16013,0.8,0.1,-2.7,0.05,1.0,0.04,0.8,0.5,1.0,0.01,0.006,1e-06,90,0.4184872189148699,0.33577654212341485,0.9463143047678473,0.9305121917373705,0.9474206545783974,0.9596819946905666,0.33577654212341485,0.10338906075473918,0.316496616991533,0.5617394167741884,0.5278270858529774,0.0,29.22222222222222,2630,0.11688888888888889,0.16
31,10,18,180,10,30.0,0.05,0.002,90,18004,0.8,0.1,-2.7,0.05,1.0,0.04,0.8,0.5,1.0,0.01,0.006,1e-06,90,0.4417250997042941,0.3459238458910741,0.9303161388758724,0.909409901361671,0.9316723991925802,0.9485043868870532,0.3459238458910741,0.128295458941446,0.32854352218205984,0.5940445892586926,0.4885910391715783,0.0,36.355555555555554,3272,0.14542222222222223,0.20000000000000004
32,10,18,180,10,30.0,0.05,0.002,90,18005,0.8,0.1,-2.7,0.05,1.0,0.04,0.8,0.5,1.0,0.01,0.006,1e-06,90,0.4149553963564369,0.32146484694690797,0.9362112739154406,0.9186958744179116,0.9359821261519105,0.9527573565682534,0.32146484694690797,0.10460680568455838,0.2898018963158566,0.5729201746711852,0.5212558775590037,0.0,35.37777777777778,3184,0.14151111111111112,0.212
33,10,18,180,10,30.0,0.05,0.002,90,18006,0.8,0.1,-2.7,0.05,1.0,0.04,0.8,0.5,1.0,0.01,0.006,1e-06,90,0.39703079840491784,0.3361906320185349,0.9351256591904631,0.9185808394170016,0.936653603562172,0.9498032875446496,0.3361906320185349,0.1450226714923759,0.30466670203583435,0.5661960402901519,0.5380948607855452,0.0,36.111111111111114,3250,0.14444444444444443,0.20000000000000004
34,10,18,180,10,30.0,0.05,0.002,90,18007,0.8,0.1,-2.7,0.05,1.0,0.04,0.8,0.5,1.0,0.01,0.006,1e-06,90,0.4372893044998435,0.33437016771220807,0.9293807324128172,0.908860403641335,0.9312314811386666,0.947297802050289,0.33437016771220807,0.13936436833771337,0.31370515168267976,0.557333037873985,0.49209142791297367,0.0,35.87777777777778,3229,0.14351111111111112,0.184
35,10,18,180,10,30.0,0.05,0.002,90,18008,0.8,0.1,-2.7,0.05,1.0,0.04,0.8,0.5,1.0,0.01,0.006,1e-06,90,0.39143565193717067,0.34972377115635206,0.9411302899868345,0.9226730558595893,0.9422241255743985,0.9572691618487142,0.34972377115635206,0.11991979382398786,0.3262406948218825,0.6124070519138202,0.5496946380496638,0.0,35.71111111111111,3214,0.14284444444444444,0.18800000000000003
36,10,18,180,10,30.0,0.05,0.002,90,18009,0.8,0.1,-2.7,0.05,1.0,0.04,0.8,0.5,1.0,0.01,0.006,1e-06,90,0.43628131804688636,0.34542464619530566,0.9386424070781554,0.923366050092593,0.9387216447939208,0.9533095563905578,0.34542464619530566,0.13554743886359466,0.33154030691628766,0.5716021750612217,0.5023610890312691,0.0,36.01111111111111,3241,0.14404444444444445,0.18800000000000003
37,10,18,180,10,30.0,0.05,0.002,90,18010,0.8,0.1,-2.7,0.05,1.0,0.04,0.8,0.5,1.0,0.01,0.006,1e-06,90,0.43082579466705323,0.3384380092475708,0.932813843948822,0.9154755432217758,0.934482443268845,0.9501149212204911,0.3384380092475708,0.11927000608473352,0.3202263270221686,0.571496368906786,0.5019880492817688,0.0,35.75555555555555,3218,0.14302222222222222,0.20000000000000004
38,10,18,180,10,30.0,0.05,0.002,90,18011,0.8,0.1,-2.7,0.05,1.0,0.04,0.8,0.5,1.0,0.01,0.006,1e-06,90,0.44488263158292696,0.3231484021322052,0.9370041501391069,0.9201069459061948,0.9377482610677523,0.955167855526375,0.3231484021322052,0.09488512359666434,0.2878059057548608,0.6142841707662963,0.4921215185561799,0.0,35.86666666666667,3228,0.1434666666666667,0.196
39,10,18,180,10,30.0,0.05,0.002,90,18012,0.8,0.1,-2.7,0.05,1.0,0.04,0.8,0.5,1.0,0.01,0.006,1e-06,90,0.4121932610721035,0.3428039119296492,0.936740046858551,0.9174346247676713,0.9393439681305589,0.9528914737118508,0.3428039119296492,0.13730307900539865,0.3221867332537046,0.5802696527156131,0.5245467857864474,0.0,34.6,3114,0.1384,0.20800000000000002
40,10,18,180,10,30.0,0.05,0.002,90,18013,0.8,0.1,-2.7,0.05,1.0,0.04,0.8,0.5,1.0,0.01,0.006,1e-06,90,0.4271332287317713,0.3451973829991221,0.9358464948603652,0.916019918724839,0.9385615118813433,0.9534934958050795,0.3451973829991221,0.11540390437184844,0.32688478200682336,0.6421508792870472,0.5087132661285939,0.0,35.766666666666666,3219,0.14306666666666668,0.19600000000000004
41,10,20,200,10,30.0,0.05,0.002,90,20004,0.8,0.1,-2.7,0.05,1.0,0.04,0.8,0.5,1.0,0.01,0.006,1e-06,90,0.4186701170513475,0.3155551600579995,0.9155722630951493,0.8910166146792754,0.9178275954872499,0.9403778253066432,0.3155551600579995,0.10034443653698476,0.28396527306129027,0.5604363611962498,0.4969021460438018,0.0,44.477777777777774,4003,0.1779111111111111,0.252
42,10,20,200,10,30.0,0.05,0.002,90,20005,0.8,0.1,-2.7,0.05,1.0,0.04,0.8,0.5,1.0,0.01,0.006,1e-06,90,0.40975170039156017,0.3416760419010473,0.9257483648259924,0.9038866430558194,0.9274609599859871,0.9455562414597365,0.3416760419010473,0.12906609819443834,0.33383609219606136,0.5626137648999961,0.5159966644344323,0.0,43.4,3906,0.1736,0.228
43,10,20,200,10,30.0,0.05,0.002,90,20006,0.8,0.1,-2.7,0.05,1.0,0.04,0.8,0.5,1.0,0.01,0.006,1e-06,90,0.4415109195806968,0.32877363713567137,0.9180484248854828,0.8892665552885043,0.9210385688247185,0.9414296478424403,0.32877363713567137,0.10318369152975355,0.31331727536167286,0.5515301608885356,0.47653750530478595,0.0,43.18888888888889,3887,0.17275555555555555,0.24000000000000005
44,10,20,200,10,30.0,0.05,0.002,90,20007,0.8,0.1,-2.7,0.05,1.0,0.04,0.8,0.5,1.0,0.01,0.006,1e-06,90,0.4135538853798996,0.35441323008515513,0.9120788666806443,0.8780220078776475,0.9162980464875492,0.935971714042663,0.35441323008515513,0.11016615665052058,0.3432351708129225,0.6119832238530667,0.4985249813007447,0.0,44.077777777777776,3967,0.1763111111111111,0.22000000000000008
45,10,20,200,10,30.0,0.05,0.002,90,20008,0.8,0.1,-2.7,0.05,1.0,0.04,0.8,0.5,1.0,0.01,0.006,1e-06,90,0.43332948127143894,0.353804687291176,0.9178345061238485,0.8938469658248697,0.9202137210717978,0.9416003302495216,0.353804687291176,0.14009847569909106,0.33032970030124265,0.6139060356976138,0.4845050248524096,0.0,42.72222222222222,3845,0.1708888888888889,0.24799999999999997
46,10,20,200,10,30.0,0.05,0.002,90,20009,0.8,0.1,-2.7,0.05,1.0,0.04,0.8,0.5,1.0,0.01,0.006,1e-06,90,0.4141672622612558,0.34152935280807734,0.9165557629870142,0.8910111833414085,0.9191763988985412,0.9396824396343674,0.34152935280807734,0.12806884154800913,0.3107494922890539,0.6357443649132539,0.5023885007257585,0.0,43.67777777777778,3931,0.17471111111111112,0.22
47,10,20,200,10,30.0,0.05,0.002,90,20010,0.8,0.1,-2.7,0.05,1.0,0.04,0.8,0.5,1.0,0.01,0.006,1e-06,90,0.44259257080398084,0.3136762092333013,0.9213791458508909,0.8963149756061095,0.9237273612216653,0.9417824748080749,0.3136762092333013,0.11452533810235033,0.2870725021826875,0.541548961215571,0.47878657504691,0.0,42.53333333333333,3828,0.17013333333333333,0.22000000000000003
48,10,20,200,10,30.0,0.05,0.002,90,20011,0.8,0.1,-2.7,0.05,1.0,0.04,0.8,0.5,1.0,0.01,0.006,1e-06,90,0.4150474533429771,0.31731123419623564,0.9215965810713314,0.8952981818524821,0.9233018827542039,0.9431235380595101,0.31731123419623564,0.08586358152697963,0.2919064234570312,0.5627400689719744,0.5065491277283543,0.0,42.266666666666666,3804,0.16906666666666667,0.22400000000000003
49,10,20,200,10,30.0,0.05,0.002,90,20012,0.8,0.1,-2.7,0.05,1.0,0.04,0.8,0.5,1.0,0.01,0.006,1e-06,90,0.4081757606701821,0.3197489846311973,0.9147314199019135,0.8842780655207281,0.9170068643422449,0.9375278948240805,0.3197489846311973,0.11134099956019149,0.32833703438204087,0.5647384172623082,0.5065556592317315,0.0,44.166666666666664,3975,0.17666666666666667,0.23200000000000004
50,10,20,200,10,30.0,0.05,0.002,90,20013,0.8,0.1,-2.7,0.05,1.0,0.04,0.8,0.5,1.0,0.01,0.006,1e-06,90,0.44033023256018616,0.3275036031287772,0.9182531472031775,0.891741552209279,0.9224188544605443,0.939535596295234,0.3275036031287772,0.10577669794168174,0.3079598581594399,0.5316334183088453,0.47792291464299136,0.0,41.62222222222222,3746,0.16648888888888888,0.22399999999999998
51,10,22,220,10,30.0,0.05,0.002,90,22004,0.8,0.1,-2.7,0.05,1.0,0.04,0.8,0.5,1.0,0.01,0.006,1e-06,90,0.41034816897187226,0.34858817789235597,0.9072256979033636,0.8799486142456315,0.9085197165016818,0.9335290723431964,0.34858817789235597,0.12263588522891687,0.3358315146133921,0.6036662429708377,0.49687752893149134,0.0,51.544444444444444,4639,0.2061777777777778,0.272
52,10,22,220,10,30.0,0.05,0.002,90,22005,0.8,0.1,-2.7,0.05,1.0,0.04,0.8,0.5,1.0,0.01,0.006,1e-06,90,0.4030558454419453,0.33589973559416636,0.902575293572879,0.8728122878180857,0.9059723641731541,0.9290955545310485,0.33589973559416636,0.10208927949296046,0.31841532007798623,0.5731072050025403,0.49951944813093374,0.0,51.3,4617,0.2052,0.27199999999999996
53,10,22,220,10,30.0,0.05,0.002,90,22006,0.8,0.1,-2.7,0.05,1.0,0.04,0.8,0.5,1.0,0.01,0.006,1e-06,90,0.4145519215656381,0.3296007655708106,0.9047423001932957,0.8715192973132964,0.9087950734174554,0.9314564759595544,0.3296007655708106,0.10595560078502585,0.3099560474526277,0.5822729284794422,0.49019037862765763,0.0,50.93333333333333,4584,0.20373333333333335,0.28
54,10,22,220,10,30.0,0.05,0.002,90,22007,0.8,0.1,-2.7,0.05,1.0,0.04,0.8,0.5,1.0,0.01,0.006,1e-06,90,0.4162284293454107,0.33766760280385066,0.9100712888272245,0.8849129966336508,0.9132135670235353,0.9332211533162256,0.33766760280385066,0.12109627753194734,0.324661367184583,0.5718636702333063,0.49384285948181383,0.0,50.166666666666664,4515,0.20066666666666666,0.268
55,10,22,220,10,30.0,0.05,0.002,90,22008,0.8,0.1,-2.7,0.05,1.0,0.04,0.8,0.5,1.0,0.01,0.006,1e-06,90,0.4421814896041852,0.33204168909196846,0.895418034476002,0.862586264791844,0.9006364435898682,0.9240392518483749,0.33204168909196846,0.11662045943184615,0.31846040615889376,0.5929159493539468,0.4532365448718168,0.0,52.25555555555555,4703,0.20902222222222225,0.28400000000000003
56,10,22,220,10,30.0,0.05,0.002,90,22009,0.8,0.1,-2.7,0.05,1.0,0.04,0.8,0.5,1.0,0.01,0.006,1e-06,90,0.4024140531119662,0.32439163881954364,0.907010824512039,0.8759046573922235,0.9082558376599106,0.9316758688892178,0.32439163881954364,0.10724717434492584,0.31248087369798955,0.547166074848545,0.5045967714000728,0.0,50.477777777777774,4543,0.20191111111111112,0.272
57,10,22,220,10,30.0,0.05,0.002,90,22010,0.8,0.1,-2.7,0.05,1.0,0.04,0.8,0.5,1.0,0.01,0.006,1e-06,90,0.4258875403411411,0.3308344017033318,0.9023317278269655,0.8733111371831296,0.9050234371208346,0.9289840447401141,0.3308344017033318,0.09540755806759613,0.3029300221244575,0.5794704607237563,0.47644418748582434,0.0,52.25555555555555,4703,0.20902222222222225,0.2760000000000001
58,10,22,220,10,30.0,0.05,0.002,90,22011,0.8,0.1,-2.7,0.05,1.0,0.04,0.8,0.5,1.0,0.01,0.006,1e-06,90,0.4230583268115113,0.3110145503694546,0.9029706740114299,0.8677621418995218,0.9055284288546674,0.9287664039509169,0.3110145503694546,0.10392137455879576,0.2831758555601003,0.5494191013200601,0.47991234719991865,0.0,51.544444444444444,4639,0.2061777777777778,0.27599999999999997
59,10,22,220,10,30.0,0.05,0.002,90,22012,0.8,0.1,-2.7,0.05,1.0,0.04,0.8,0.5,1.0,0.01,0.006,1e-06,90,0.41199854882323206,0.33272198209148035,0.902088662673597,0.8715696776284988,0.9045883281131548,0.9314672709113294,0.33272198209148035,0.10660466009263717,0.30073360128490434,0.6073592952480187,0.49009011385036494,0.0,51.56666666666667,4641,0.20626666666666665,0.26799999999999996
60,10,22,220,10,30.0,0.05,0.002,90,22013,0.8,0.1,-2.7,0.05,1.0,0.04,0.8,0.5,1.0,0.01,0.006,1e-06,90,0.39965440129091495,0.331246869690323,0.907329115920167,0.8767371046894376,0.909471160148964,0.9352205726156892,0.331246869690323,0.10303764792004054,0.32078581935812267,0.5889649933216903,0.507674714629252,0.0,51.2,4608,0.20479999999999998,0.27599999999999997
61,10,24,240,10,30.0,0.05,0.002,90,24004,0.8,0.1,-2.7,0.05,1.0,0.04,0.8,0.5,1.0,0.01,0.006,1e-06,90,0.4380432142991654,0.3495169521975273,0.8779674979222423,0.8380535946734382,0.8828744397040222,0.9092623854670107,0.3495169521975273,0.12357117360712705,0.34929796994243295,0.6021579330837759,0.4399242836230769,0.0,60.94444444444444,5485,0.2437777777777778,0.31200000000000006
62,10,24,240,10,30.0,0.05,0.002,90,24005,0.8,0.1,-2.7,0.05,1.0,0.04,0.8,0.5,1.0,0.01,0.006,1e-06,90,0.4154070731324795,0.3235138260132206,0.8766714086863143,0.8423230631650872,0.8765199517469531,0.90827557427509,0.3235138260132206,0.10946914873916222,0.313841686878827,0.5848355310286125,0.46126433555383484,0.0,61.044444444444444,5494,0.24417777777777777,0.316
63,10,24,240,10,30.0,0.05,0.002,90,24006,0.8,0.1,-2.7,0.05,1.0,0.04,0.8,0.5,1.0,0.01,0.006,1e-06,90,0.43862565172792645,0.34164892499711613,0.8849833645318687,0.8450673631780374,0.8886944941949533,0.9160869672984958,0.34164892499711613,0.1103491685096735,0.3300036934572579,0.5908992422200219,0.4463577128039422,0.0,59.144444444444446,5323,0.2365777777777778,0.32000000000000006
64,10,24,240,10,30.0,0.05,0.002,90,24007,0.8,0.1,-2.7,0.05,1.0,0.04,0.8,0.5,1.0,0.01,0.006,1e-06,90,0.4322989128870668,0.32061672192013335,0.881150261651044,0.8408483338994713,0.8860136032977686,0.9151474726246782,0.32061672192013335,0.12643988799562086,0.31149954471149094,0.5395069248091994,0.44885134876397725,0.0,60.51111111111111,5446,0.24204444444444448,0.32000000000000006
65,10,24,240,10,30.0,0.05,0.002,90,24008,0.8,0.1,-2.7,0.05,1.0,0.04,0.8,0.5,1.0,0.01,0.006,1e-06,90,0.4135820957624034,0.36159510271317685,0.8678255225484304,0.8258225166773264,0.8721304196184219,0.9052875236547034,0.36159510271317685,0.13123445447692922,0.3409049598653513,0.6245176917485744,0.45424342678602697,0.0,59.96666666666667,5397,0.23986666666666667,0.31999999999999995
66,10,24,240,10,30.0,0.05,0.002,90,24009,0.8,0.1,-2.7,0.05,1.0,0.04,0.8,0.5,1.0,0.01,0.006,1e-06,90,0.39605795932740673,0.3197684626028252,0.8742643863568891,0.834520560160431,0.8766064950935856,0.9096084771187437,0.3197684626028252,0.11037399581292327,0.30400183063867114,0.5501695931779113,0.47820642702948235,0.0,60.233333333333334,5421,0.24093333333333333,0.304
67,10,24,240,10,30.0,0.05,0.002,90,24010,0.8,0.1,-2.7,0.05,1.0,0.04,0.8,0.5,1.0,0.01,0.006,1e-06,90,0.4085886503409641,0.3304713088793594,0.8816963606610613,0.8424545953035221,0.884077529934147,0.9179965809222064,0.3304713088793594,0.10058374375102766,0.3066610110083219,0.5742807143385193,0.4731077103200972,0.0,60.53333333333333,5448,0.24213333333333334,0.324
68,10,24,240,10,30.0,0.05,0.002,90,24011,0.8,0.1,-2.7,0.05,1.0,0.04,0.8,0.5,1.0,0.01,0.006,1e-06,90,0.4277923401967916,0.320668763690943,0.8809299007450392,0.8390741001024337,0.8828409288420436,0.9130819175790065,0.320668763690943,0.11824613046226266,0.29613104297226944,0.5952609091109118,0.4531375605482476,0.0,60.233333333333334,5421,0.24093333333333333,0.3
69,10,24,240,10,30.0,0.05,0.002,90,24012,0.8,0.1,-2.7,0.05,1.0,0.04,0.8,0.5,1.0,0.01,0.006,1e-06,90,0.3975445949232096,0.32440226835208336,0.8696299702963698,0.8274920716837173,0.8741899987918925,0.9044486508143317,0.32440226835208336,0.12016317917670354,0.29595744627682896,0.5697735338132814,0.4720853753731602,0.0,60.733333333333334,5466,0.24293333333333333,0.308
70,10,24,240,10,30.0,0.05,0.002,90,24013,0.8,0.1,-2.7,0.05,1.0,0.04,0.8,0.5,1.0,0.01,0.006,1e-06,90,0.41353220391883583,0.3240979688449658,0.881939528417434,0.8403134194997997,0.8861577744330519,0.916184752257972,0.3240979688449658,0.10813881811676723,0.3110763486710454,0.5931361215965383,0.4684073244985981,0.0,60.93333333333333,5484,0.24373333333333333,0.30400000000000005
71,10,26,260,10,30.0,0.05,0.002,90,26004,0.8,0.1,-2.7,0.05,1.0,0.04,0.8,0.5,1.0,0.01,0.006,1e-06,90,0.41006749936231457,0.31400815874911236,0.8400599722053436,0.7898467366739079,0.8396624755093677,0.8892514860397083,0.31400815874911236,0.11596527826160971,0.26817920291999947,0.5947781845085081,0.429992472843029,0.0,72.02222222222223,6482,0.2880888888888889,0.364
72,10,26,260,10,30.0,0.05,0.002,90,26005,0.8,0.1,-2.7,0.05,1.0,0.04,0.8,0.5,1.0,0.01,0.006,1e-06,90,0.4006743256785892,0.3291132408300255,0.8458744430150903,0.7937943909581091,0.84910236716489,0.8894158204980827,0.3291132408300255,0.10671763294731966,0.30348893072322075,0.6184455527723045,0.4452001173365011,0.0,71.9,6471,0.2876,0.3559999999999999
73,10,26,260,10,30.0,0.05,0.002,90,26006,0.8,0.1,-2.7,0.05,1.0,0.04,0.8,0.5,1.0,0.01,0.006,1e-06,90,0.40290631932336657,0.34176694894471527,0.8618171790056564,0.822038482383927,0.8620828205253417,0.9033004230807533,0.34176694894471527,0.13868792472372737,0.3410122282972257,0.5717237518761037,0.4589108596822898,0.0,69.96666666666667,6297,0.2798666666666667,0.33999999999999997
74,10,26,260,10,30.0,0.05,0.002,90,26007,0.8,0.1,-2.7,0.05,1.0,0.04,0.8,0.5,1.0,0.01,0.006,1e-06,90,0.4104286298103608,0.337116826455933,0.8593658547272767,0.8180006991416549,0.8618196398540763,0.8992449973922798,0.337116826455933,0.11107247682746142,0.30721373752922,0.5868697751502645,0.44893722491691584,0.0,68.94444444444444,6205,0.2757777777777778,0.332
75,10,26,260,10,30.0,0.05,0.002,90,26008,0.8,0.1,-2.7,0.05,1.0,0.04,0.8,0.5,1.0,0.01,0.006,1e-06,90,0.41783466999743746,0.324152013849935,0.8601300112826347,0.8158869264612586,0.865538160514826,0.8988013368028998,0.324152013849935,0.11668567569618414,0.2992597388954658,0.5708893191165306,0.4422953412851972,0.0,69.9888888888889,6299,0.27995555555555557,0.332
76,10,26,260,10,30.0,0.05,0.002,90,26009,0.8,0.1,-2.7,0.05,1.0,0.04,0.8,0.5,1.0,0.01,0.006,1e-06,90,0.4181720138652267,0.3250072302851881,0.8596048741381284,0.817287623931781,0.8601243261212261,0.8992135942485509,0.3250072302851881,0.12138298480203202,0.29829540803109666,0.5779213419943693,0.4414328602729017,0.0,72.4888888888889,6524,0.2899555555555556,0.352
77,10,26,260,10,30.0,0.05,0.002,90,26010,0.8,0.1,-2.7,0.05,1.0,0.04,0.8,0.5,1.0,0.01,0.006,1e-06,90,0.40320253613407814,0.3315026123802252,0.8537173008630995,0.8109790672186689,0.856467174615259,0.8932049510715215,0.3315026123802252,0.11492312309519145,0.3139684798829605,0.5739623112278135,0.45051476472902136,0.0,70.9,6381,0.2836,0.344
78,10,26,260,10,30.0,0.05,0.002,90,26011,0.8,0.1,-2.7,0.05,1.0,0.04,0.8,0.5,1.0,0.01,0.006,1e-06,90,0.3943969747217457,0.3130474944462944,0.8401316734711795,0.789510292120464,0.8439155451831774,0.8902369977300657,0.3130474944462944,0.09782198731992497,0.28074886567731877,0.5592509461317842,0.4457346987494338,0.0,70.35555555555555,6332,0.28142222222222224,0.35600000000000004
79,10,26,260,10,30.0,0.05,0.002,90,26012,0.8,0.1,-2.7,0.05,1.0,0.04,0.8,0.5,1.0,0.01,0.006,1e-06,90,0.41799691387482985,0.3407450667552603,0.8521819828070303,0.8018517290049798,0.8548408679486923,0.8945100811814384,0.3407450667552603,0.10879726824818091,0.32494450464201485,0.5690686733961277,0.43418506893220044,0.0,71.75555555555556,6458,0.28702222222222223,0.36000000000000004
80,10,26,260,10,30.0,0.05,0.002,90,26013,0.8,0.1,-2.7,0.05,1.0,0.04,0.8,0.5,1.0,0.01,0.006,1e-06,90,0.40822249884571865,0.33191874290641404,0.8618231840972437,0.8203417664726811,0.8635395712617308,0.9024201521135733,0.33191874290641404,0.11851603562408415,0.3251460350806633,0.5605375959584954,0.453600685251525,0.0,69.18888888888888,6227,0.2767555555555556,0.344
81,10,28,280,10,30.0,0.05,0.002,90,28004,0.8,0.1,-2.7,0.05,1.0,0.04,0.8,0.5,1.0,0.01,0.006,1e-06,90,0.4287209381345829,0.3208473694806179,0.8186182395302634,0.7608453186604616,0.8222784463249091,0.8672155994226525,0.3208473694806179,0.09749973663247775,0.2962055074879512,0.5605575389933802,0.38989730139568046,0.0,82.3,7407,0.3292,0.408
82,10,28,280,10,30.0,0.05,0.002,90,28005,0.8,0.1,-2.7,0.05,1.0,0.04,0.8,0.5,1.0,0.01,0.006,1e-06,90,0.391224347118818,0.35440340320714364,0.8252638351513304,0.7728996141791583,0.8296649182282313,0.8735462628599652,0.35440340320714364,0.11919622082342843,0.35051441699737124,0.5967751837223122,0.4340394880325124,0.0,79.75555555555556,7178,0.31902222222222226,0.38400000000000006
83,10,28,280,10,30.0,0.05,0.002,90,28006,0.8,0.1,-2.7,0.05,1.0,0.04,0.8,0.5,1.0,0.01,0.006,1e-06,90,0.40546281948765417,0.3521151283568032,0.8206094500501384,0.7702807790571194,0.8207075617635786,0.8680001294386008,0.3521151283568032,0.13199870622753965,0.3489388481665466,0.5735407275394422,0.41514663056248424,0.0,83.58888888888889,7523,0.3343555555555556,0.4
84,10,28,280,10,30.0,0.05,0.002,90,28007,0.8,0.1,-2.7,0.05,1.0,0.04,0.8,0.5,1.0,0.01,0.006,1e-06,90,0.3982997583806155,0.33312518564082877,0.82352808425053,0.7686848287927368,0.8246878816287607,0.8769968036677294,0.33312518564082877,0.12307204850299626,0.3358572102350518,0.5634991936366242,0.42522832586991455,0.0,80.64444444444445,7258,0.3225777777777778,0.408
85,10,28,280,10,30.0,0.05,0.002,90,28008,0.8,0.1,-2.7,0.05,1.0,0.04,0.8,0.5,1.0,0.01,0.006,1e-06,90,0.4197258530117675,0.3563004807350903,0.8254771180035733,0.7706238079132363,0.8301627046663955,0.8813872346009787,0.3563004807350903,0.11591399585841893,0.3293985336660832,0.634662963411102,0.40575126499180575,0.0,81.75555555555556,7358,0.32702222222222227,0.3960000000000001
86,10,28,280,10,30.0,0.05,0.002,90,28009,0.8,0.1,-2.7,0.05,1.0,0.04,0.8,0.5,1.0,0.01,0.006,1e-06,90,0.40537185318829966,0.33078891600286553,0.8424380527571738,0.7944281275592017,0.8403152419231883,0.8910861486509125,0.33078891600286553,0.12277230550140245,0.29369553995491426,0.556362937324433,0.4370661995688741,0.0,81.18888888888888,7307,0.3247555555555556,0.42
87,10,28,280,10,30.0,0.05,0.002,90,28010,0.8,0.1,-2.7,0.05,1.0,0.04,0.8,0.5,1.0,0.01,0.006,1e-06,90,0.40943373051154025,0.3188886575364214,0.8284628364060911,0.7676043956616444,0.8343828165751859,0.8821399642551718,0.3188886575364214,0.09208133626181651,0.2979604115466217,0.555605297199378,0.41902910589455084,0.0,82.45555555555555,7421,0.32982222222222224,0.3880000000000001
88,10,28,280,10,30.0,0.05,0.002,90,28011,0.8,0.1,-2.7,0.05,1.0,0.04,0.8,0.5,1.0,0.01,0.006,1e-06,90,0.4263108834093403,0.3427745774524005,0.8413230173543454,0.7958451760025027,0.8435023457183906,0.8831737134833909,0.3427745774524005,0.13652144410815537,0.33148603075423977,0.5636051536503083,0.41501213394500513,0.0,82.14444444444445,7393,0.3285777777777778,0.4000000000000001
89,10,28,280,10,30.0,0.05,0.002,90,28012,0.8,0.1,-2.7,0.05,1.0,0.04,0.8,0.5,1.0,0.01,0.006,1e-06,90,0.421713830618106,0.33417892044227193,0.826586938430238,0.7685203827123113,0.8323968158286846,0.8778064662821778,0.33417892044227193,0.11466379279364965,0.3193333565805556,0.5852970682036234,0.404873107812132,0.0,81.58888888888889,7343,0.32635555555555557,0.388
90,10,28,280,10,30.0,0.05,0.002,90,28013,0.8,0.1,-2.7,0.05,1.0,0.04,0.8,0.5,1.0,0.01,0.006,1e-06,90,0.41457236506040385,0.3500151453149605,0.8351091106831869,0.7832936416973845,0.8375230744621416,0.8842360803560001,0.3500151453149605,0.12380160408880894,0.3447214270768155,0.5770651443474399,0.4205367456227831,0.0,82.83333333333333,7455,0.3313333333333333,0.41200000000000003
91,10,30,300,10,30.0,0.05,0.002,90,30004,0.8,0.1,-2.7,0.05,1.0,0.04,0.8,0.5,1.0,0.01,0.006,1e-06,90,0.40213152506234434,0.3342353227829942,0.7998891886127361,0.7303717743376495,0.8074911952432242,0.8586845851050267,0.3342353227829942,0.10016602191647986,0.31563975415803824,0.5814158090366206,0.3977576635503917,0.0,91.66666666666667,8250,0.36666666666666664,0.44
92,10,30,300,10,30.0,0.05,0.002,90,30005,0.8,0.1,-2.7,0.05,1.0,0.04,0.8,0.5,1.0,0.01,0.006,1e-06,90,0.40178222460628776,0.3369662023809772,0.8091332882251837,0.7546842207732138,0.8086186145579148,0.8643023999005264,0.3369662023809772,0.11705696492344415,0.30953986934556366,0.5840080607634581,0.40735106361889595,0.0,93.55555555555556,8420,0.37422222222222223,0.46800000000000014
93,10,30,300,10,30.0,0.05,0.002,90,30006,0.8,0.1,-2.7,0.05,1.0,0.04,0.8,0.5,1.0,0.01,0.006,1e-06,90,0.42097201338652795,0.34341784637106687,0.805691495476034,0.7458071874347565,0.8090002461266275,0.8613444469616474,0.34341784637106687,0.12456097581263526,0.32747976014373537,0.5839490630692904,0.38471948208950607,0.0,92.9888888888889,8369,0.37195555555555554,0.48799999999999993
94,10,30,300,10,30.0,0.05,0.002,90,30007,0.8,0.1,-2.7,0.05,1.0,0.04,0.8,0.5,1.0,0.01,0.006,1e-06,90,0.4108246689497538,0.339003176251348,0.7904758380013163,0.7247743673223088,0.7941105591618095,0.8565150584130022,0.339003176251348,0.11376870444152487,0.3137344068843828,0.6063530499490151,0.3796511690515625,0.0,94.36666666666666,8493,0.3774666666666667,0.45199999999999996
95,10,30,300,10,30.0,0.05,0.002,90,30008,0.8,0.1,-2.7,0.05,1.0,0.04,0.8,0.5,1.0,0.01,0.006,1e-06,90,0.4108053183081042,0.32325025996574075,0.7971957868281309,0.7313808138767244,0.8011356714573729,0.8598256941042212,0.32325025996574075,0.09742682912148544,0.306447732586634,0.5820972991961586,0.3863904685200267,0.0,93.2,8388,0.3728,0.45199999999999996
96,10,30,300,10,30.0,0.05,0.002,90,30009,0.8,0.1,-2.7,0.05,1.0,0.04,0.8,0.5,1.0,0.01,0.006,1e-06,90,0.40382897829360875,0.3425553258211922,0.8117874804845556,0.7554078710745569,0.8148687690069898,0.8685951142128276,0.3425553258211922,0.11982585272034632,0.31777580689572044,0.6099780827718845,0.40795850219094687,0.0,93.58888888888889,8423,0.37435555555555555,0.44
97,10,30,300,10,30.0,0.05,0.002,90,30010,0.8,0.1,-2.7,0.05,1.0,0.04,0.8,0.5,1.0,0.01,0.006,1e-06,90,0.3921511438375122,0.3244703599540999,0.7877057660828473,0.7217013347300804,0.788655613414198,0.8532611230025402,0.3244703599540999,0.10799797594091372,0.3003656087453782,0.5532255644828822,0.39555462224533505,0.0,92.81111111111112,8353,0.37124444444444443,0.43600000000000005
98,10,30,300,10,30.0,0.05,0.002,90,30011,0.8,0.1,-2.7,0.05,1.0,0.04,0.8,0.5,1.0,0.01,0.006,1e-06,90,0.40085763259646984,0.33734855389079665,0.80134483002119,0.7360519607654497,0.803750938062039,0.8598870709067596,0.33734855389079665,0.11385631032467157,0.3066922066718697,0.5763460478777258,0.4004871974247201,0.0,93.14444444444445,8383,0.37257777777777773,0.44399999999999995
99,10,30,300,10,30.0,0.05,0.002,90,30012,0.8,0.1,-2.7,0.05,1.0,0.04,0.8,0.5,1.0,0.01,0.006,1e-06,90,0.422716114296756,0.32929564043875703,0.8073368076183601,0.7489347839492012,0.8109415033711427,0.859977217405111,0.32929564043875703,0.12035362338663792,0.3082271369443487,0.5797529534268974,0.38462069332160415,0.0,93.04444444444445,8374,0.3721777777777777,0.46399999999999997
100,10,30,300,10,30.0,0.05,0.002,90,30013,0.8,0.1,-2.7,0.05,1.0,0.04,0.8,0.5,1.0,0.01,0.006,1e-06,90,0.4078603876953369,0.3482453489406986,0.7991796427953498,0.7259964982476232,0.8044780079292584,0.8629652596074083,0.3482453489406986,0.11733239485534026,0.3308936851253399,0.607140627464671,0.3913192551000129,0.0,92.18888888888888,8297,0.3687555555555555,0.456
